VIX diff interval,correlation coefficient
1,-0.129795090798
2,-0.166435436684
3,-0.208268389243
4,-0.240065222999
5,-0.240811439419
6,-0.198298104387
7,-0.185486769629
8,-0.160248873404
9,-0.125615127353
10,-0.102341925092
11,-0.104347998517
12,-0.114070327977
13,-0.108452061232
14,-0.0973735994807
15,-0.0917498615631
16,-0.0792844319228
17,-0.0792394098283
18,-0.098628003622
19,-0.102068127067
20,-0.100955708343
